{"last_tab":"","is_demo_mode":"0","loader_img_switch":"0","loader_text":"Loading","loader_img":{"url":"https:\/\/jobs.nokriwp.com\/wp-content\/uploads\/2018\/09\/loader.gif","id":"707","height":"296","width":"296","thumbnail":"https:\/\/jobs.nokriwp.com\/wp-content\/uploads\/2018\/09\/loader-150x150.gif"},"front_colour":"1","button-set-colour":"dark-blue","section_bg_img":{"background-repeat":"no-repeat","background-size":"cover","background-attachment":"scroll","background-position":"center center","background-image":"https:\/\/jobs.nokriwp.com\/wp-content\/uploads\/2018\/09\/4.png","media":{"id":"706","height":"850","width":"1920","thumbnail":"https:\/\/jobs.nokriwp.com\/wp-content\/uploads\/2018\/09\/4-150x150.png"}},"scroll_to_top":"1","nokri_user_dp":{"url":"https:\/\/demo.nokriwp.com\/wp-content\/themes\/nokri\/images\/candidate-dp.jpg","id":"","height":"","width":"","thumbnail":""},"sb_location_allowed":"1","main_header_style":"1","is_sticky_menu":"0","header_top_bar":"1","header_top_bar_style":"1","contact_switch":"1","top_bar_sorter1":{"Email":"Support@domain.com","Phone Number":"+92 333 1234567","Address":""},"header_top_bar_links_switch":"1","header_top_bar_links":["2"],"social_switch":"1","top_bar_social_sorter":{"Face Book":"www.facebook.com","Twitter":"www.twitter.com","Instagram":"www.Instagram.com","LinkedIn":"www.LinkedIn.com","Behance":"www.Behance.com","Pintrest":"www.Pintrest.com","Youtube":""},"user_bar_switch":"1","nav_bar_post_btn":"Job Post","nav_bar_post_btn_link":"266","nav_bar_post_btn_icon":"fa fa-plus","cand_nav_bar_post_btn":"Job post","cand_nav_bar_post_btn_icon":"fa fa-plus","cand_nav_bar_post_btn_link":"274","wo_log_btn_txt":"Job Post","wo_log_btn_icon":"fa fa-plus-square","wo_log_btn_link":"266","header_job_post_page":"2","header_job_post_page_icon":"fa fa-plus-square","top_main_page_bar_user_switch":"","header_user_btn_icon":"fa fa-user","header_logo":{"url":"https:\/\/jobs.nokriwp.com\/wp-content\/uploads\/2018\/09\/logo-dash.png","id":"603","height":"30","width":"98","thumbnail":"https:\/\/jobs.nokriwp.com\/wp-content\/uploads\/2018\/09\/logo-dash.png"},"dashborad_header_logo":{"url":"https:\/\/jobs.nokriwp.com\/wp-content\/uploads\/2018\/09\/logo-dash.png","id":"603","height":"30","width":"98","thumbnail":"https:\/\/jobs.nokriwp.com\/wp-content\/uploads\/2018\/09\/logo-dash.png"},"banners_code":"","sb_url_rewriting_enable":"0","sb_ad_slug":"","sb_url_rewriting_users":"","employer_txt":"","candidate_txt":"","map-setings-map-type":"leafletjs_map","mailchimp_api_key":"","mailchimp_api_list_id":"","gmap_api_key":"","fb_api_key":"","gmail_api_key":"","linkedin_api_key":"","linkedin_api_secret":"","redirect_uri":"","job_post_form":"0","job_apply_with":"1","job_external_source":["inter","exter","mail","inter","exter","mail"],"default_job_attachment":"1","sb_upload_attach_size":"819200-800kb","sb_upload_attach_limit":"5","sb_upload_attach_format":["pdf","doc","docx","jpg","png","jpeg","gif","pdf","doc","docx","jpg","png","jpeg","gif","0"],"allow_job_qualifications":"show","quali_txt":"","allow_job_type":"show","type_txt":"","allow_job_salary_type":"show","salary_type_txt":"","allow_job_currency":"show","job_currency_txt":"","allow_job_salary":"show","job_salary_txt":"","allow_job_experience":"show","experience_txt":"","allow_job_shift":"show","shift_txt":"","allow_job_level":"show","level_txt":"","allow_job_vacancy":"show","vacancy_txt":"","allow_job_tags":"show","tags_txt":"","allow_job_skills":"show","skills_txt":"","allow_job_countries":"required","allow_job_adress":"required","adres_txt":"","job_post_for_admin":"","job_post_for_admin_message":"Admin disabled job posting","sb_ad_approval":"manual","sb_update_approval":"auto","job_post_note":"Lorem ipsum dolor sit amet, consectetur adipiscing elit. In erat leo, consequat ac rhoncus nec, sodales a diam. ","allow_lat_lon":"1","sb_default_lat":"40.7127837","sb_default_long":"-74.00594130000002","bad_words_filter":"damn,rubbish","bad_words_replace":"@","sb_post_ad_page":"266","addon_text":"","allow_questinares":"","question_label":"","question_plc":"","question_ad_btn":"","question_rem_btn":"","job_cat_level_1":"Job category","job_cat_level_2":"Sub category","job_cat_level_3":"Sub sub category","job_cat_level_4":"Sub sub sub category","job_country_level_heading":"","job_country_level_1":"","job_country_level_2":"","job_country_level_3":"","job_country_level_4":"","job_map_heading_txt":"","job_post_style":"2","single_job_schema":"","single_job_tags":"1","apply_without_login":"","cand_linkedin_apply":"1","email_job_anyone_switch":"1","relateds_jobs_switch":"1","relateds_jobs_numbers":"5","single_job_advert_switch":"1","single_job_advert_up":"<img src=\"https:\/\/jobs.nokriwp.com\/wp-content\/uploads\/2018\/09\/02-1.png\"  >","single_job_advert_down":"<img src=\"https:\/\/jobs.nokriwp.com\/wp-content\/uploads\/2018\/09\/01-4.png\"  >","sb_search_page":"274","search_page_layout":"2","map_marker_img":{"url":"https:\/\/jobs.nokriwp.com\/wp-content\/themes\/nokri\/images\/map-loacation.png","id":"","height":"","width":"","thumbnail":""},"premium_jobs_class_switch":"1","premium_jobs_class_title":"Premium jobs","premium_jobs_class":["63"],"premium_jobs_class_number":"3","job_alerts_switch":"1","job_alerts_tax":["job_category","job_category","0","0","0"],"job_alerts_title":"Job alerts","job_alerts_tagline":"Receive emails for the latest jobs matching your search criteria","job_alerts_btn":"Job Alerts","cat_level_2":"","cat_level_3":"","cat_level_4":"","search_job_advert_switch":"1","search_job_advert_up":"<img src=\"https:\/\/jobs.nokriwp.com\/wp-content\/uploads\/2018\/09\/02-1.png\"  >","search_job_advert_down":"<img src=\"https:\/\/jobs.nokriwp.com\/wp-content\/uploads\/2018\/09\/01-4.png\"  >","search_layout":"list_1","cat_and_location":"search","user_assign_pkg":"","register_package":"","cand_assign_pkg":"","cand_register_package":"","sb_upload_profile_pic_size":"819200-800kb","user_phone_email":"1","user_contact_form":"1","user_contact_social":"1","user_profile_delete_option":"1","user_profile_dashboard_txt":"Howdy !","user_private_txt":"<strong>Private Profile<\/strong> This profile is private and you can not view detail. It will only be visible to employer's job on which this candidate applied. ","user_address_invoice":"","user_pagination":"10","user_custom_feild_txt":"Custom Fields","custom_registration_feilds":"1357","custom_employer_feilds":"1333","custom_candidate_feilds":"1331","employer_menu_sorter":{"dashboard":"Dashbboard","update_profile":"Update Profile","view_my_profile":"View My Profile","my_jobs":"My Jobs","email_templates":"Email Templates","matched_resumes":"Matched Resumes","saved_resumes":"Saved Resumes","followers":"Followers","my_package":"My Package","my_orders":"My Order","cart":"Cart","logout":"Logout"},"emp_name_label":"","emp_section_label":"","emp_heading_setting":"show","emp_heading_label":"","emp_heading_plc":"","emp_email_label":"","emp_phone_setting":"show","emp_phone_label":"","emp_phone_plc":"","emp_web_setting":"show","emp_web_label":"","emp_web_plc":"","emp_dp_setting":"show","emp_dp_label":"","emp_dp_plc":"","emp_prof_setting":"show","emp_prof_label":"","emp_about_setting":"show","emp_about_label":"","emp_spec_switch":"1","emp_detail_label":"","emp_spec_setting":"show","emp_spec_label":"","emp_no_emp_setting":"show","emp_no_emp_label":"","emp_no_emp_plc":"","emp_est_setting":"show","emp_est_label":"","emp_social_section_switch":"1","emp_social_section_label":"","emp_fb_setting":"show","emp_fb_label":"","emp_fb_plc":"","emp_twtr_setting":"show","emp_twtr_label":"","emp_twtr_plc":"","emp_linked_setting":"show","emp_linked_label":"","emp_linked_plc":"","emp_insta_setting":"show","emp_insta_label":"","emp_insta_plc":"","emp_loc_switch":"1","emp_map_switch":"1","emp_loc_section_label":"","emp_address_label":"","emp_lat_label":"","emp_long_label":"","emp_custom_switch":"1","emp_port_switch":"1","emp_port_section_heading":"","emp_port_setting":"show","emp_port_section_label":"","sb_comp_img_limit":"5","sb_comp_img_size":"819200-800kb","emp_port_vid_setting":"show","emp_port_vid_label":"","emp_port_vid_plc":"","emp_det_follow_btn":"1","emp_det":"","emp_mem_sinc":"","emp_open_pos":"","emp_cont_lab":"","emp_gall_lab":"","emp_vid_lab":"","cand_resume_style":"1","cand_listing_style":"1","job_apply_package_base":"1","job_apply_package_base_wl":"2","cand_search_mode":"1","cand_resume_down":"1","cand_job_notif":"1","cand_job_notif_txt":"","cand_advertisment":"","user_low_profile_txt_btn":"1","user_low_profile_txt":"","sb_upload_limit":"5","sb_upload_size":"5242880-5MB","sb_upload_resume_limit":"10","sb_upload_resume_size":"5242880-5MB","candidate_menu_sorter":{"dashboard":"Dashboard","udpdate_profile":"Update Profile","view_my_profile":"View My Profile","my_resumes":"My Resumes","jobs_applied":"Jobs Apllied","saved_jobs":"Saved Jobs","followed_companies":"Followed Companies","job_alerts":"Job Alerts","my_package":"My Package","my_orders":"My Orders","cart":"Cart ","logout":"Logout"},"default_info":"5","person_info":"10","skill_info":"20","edu_info":"20","prof_info":"20","cert_info":"20","social_info":"5","cand_prof_sec_label":"","cand_name_label":"","cand_profession_setting":"show","cand_profession_label":"","cand_profession_plc":"","cand_phone_setting":"show","cand_phone_label":"","cand_phone_plc":"","cand_dob_setting":"show","cand_dob_label":"","cand_gend_setting":"show","cand_gend_label":"","cand_dp_setting":"show","cand_dp_label":"","cand_exper_setting":"show","cand_exper_label":"","cand_level_setting":"show","cand_level_label":"","cand_quali_setting":"show","cand_quali_label2":"","cand_type_setting":"show","cand_type_label":"","cand_salary_type_setting":"show","cand_salary_type_label":"","cand_salary_range_setting":"show","cand_salary_range_label":"","cand_salary_curren_setting":"show","cand_salary_curren_label":"","cand_prof_setting":"show","cand_profile_label":"","cand_about_setting":"show","cand_about_label":"","cand_about_btn":"","skill_section_switch":"1","skill_section_label":"","cand_skills_setting":"show","cand_skills_value_label":"","cand_skills_value_plc":"","cand_skills_add":"","cand_skills_rem":"","cand_skills_btn":"","resume_section_switch":"1","resume_section_label":"","cand_resumes_setting":"show","cand_resume_label":"","cand_video_resume_setting":"show","cand_video_resume_label":"","cand_video_resume_plc":"","cand_resume_btn":"","education_section_switch":"1","education_section_label":"","cand_quali_title":"show","cand_quali_label":"","cand_quali_plc":"","cand_quali_inst":"show","cand_inst_label":"","cand_inst_plc":"","cand_quali_start":"show","cand_quali_start_label":"","cand_quali_end":"show","cand_quali_end_label":"","cand_quali_percent":"show","cand_quali_percent_label":"","cand_quali_percent_plc":"","cand_quali_grades":"show","cand_quali_grades_label":"","cand_quali_grades_plc":"","cand_quali_desc":"show","cand_quali_desc_label":"","cand_quali_add_new":"","cand_quali_add":"","cand_quali_rem":"","cand_quali_btn":"","profession_section_switch":"1","experience_section_label":"","cand_exper_title":"show","cand_org_label":"","cand_org_plc":"","cand_exper_role":"show","cand_exper_role_label":"","cand_exper_role_plc":"","cand_exper_start":"show","cand_exper_start_label":"","cand_exper_end":"show","cand_exper_end_label":"","cand_exper_current_label":"","cand_exper_desc":"show","cand_exper_desc_label":"","cand_exper_btn":"","certification_section_switch":"1","certification_section_label":"","cand_certi_title":"show","cand_certi_label":"","cand_certi_plc":"","cand_certi_start":"show","cand_certi_start_label":"","cand_certi_end":"show","cand_certi_end_label":"","cand_certi_dur":"show","cand_certi_dur_label":"","cand_certi_dur_plc":"","cand_certi_inst":"show","cand_certi_inst_label":"","cand_certi_inst_plc":"","cand_certi_desc":"show","cand_quali_certi_label":"","cand_exper_add_new":"","cand_exper_add":"","cand_exper_rem":"","cand_certi_btn":"","portfolio_section_switch":"1","portfolio_section_label":"","cand_portfolio_setting":"show","cand_portfolio_video":"show","cand_portfolio_video_label":"","cand_portfolio_video_plc":"","cand_portfolio_btn":"","social_section_switch":"1","social_section_label":"","cand_fb_setting":"show","cand_fb_label":"","cand_fb_plc":"","cand_twtr_setting":"show","cand_twtr_label":"","cand_twtr_plc":"","cand_linked_setting":"show","cand_linked_label":"","cand_linked_plc":"","cand_insta_setting":"show","cand_insta_label":"","cand_insta_plc":"","cand_loc_switch":"1","cand_map_switch":"1","loc_section_label":"","cand_address_label":"","cand_lat_label":"","cand_long_label":"","cand_custom_switch":"1","cand_social_btn":"","cand_det":"","cand_mem":"","cand_gend":"","cand_salary":"","cand_about":"","cand_save_resume":"","cand_skills_label":"","cand_portfolio_label":"","cand_vid_lab":"","cand_cont_lab":"","cand_edu_lab":"","cand_prof_lab":"","cand_certi_lab":"","sb_sign_in_page":"156","sb_sign_up_page":"145","term_condition":"","sb_dashboard_page":"235","candidates_search_page":"239","employer_search_page":"424","package_page":"441","cand_package_page":"441","contact_us":"291","about_us":"289","sb_new_cotact_message":"New contact message","sb_new_cotact_from":"Nokri <scriptsbundle@hotmail.com>","sb_new_cotact_body":"<table class=\"body\" style=\"border-collapse: separate; mso-table-lspace: 0pt; mso-table-rspace: 0pt; background-color: #f6f6f6; width: 100%;\" border=\"0\" cellspacing=\"0\" cellpadding=\"0\">\r\n<tbody>\r\n<tr>\r\n<td style=\"font-family: sans-serif; font-size: 14px; vertical-align: top;\">\u00a0<\/td>\r\n<td class=\"container\" style=\"font-family: sans-serif; font-size: 14px; vertical-align: top; display: block; max-width: 580px; padding: 10px; width: 580px; margin: 0 auto !important;\">\r\n<div class=\"content\" style=\"box-sizing: border-box; display: block; margin: 0 auto; max-width: 580px; padding: 10px;\">\r\n<table class=\"main\" style=\"border-collapse: separate; mso-table-lspace: 0pt; mso-table-rspace: 0pt; background: #fff; border-radius: 3px; width: 100%;\">\r\n<tbody>\r\n<tr>\r\n<td class=\"wrapper\" style=\"font-family: sans-serif; font-size: 14px; vertical-align: top; box-sizing: border-box; padding: 20px;\">\r\n<table style=\"border-collapse: separate; mso-table-lspace: 0pt; mso-table-rspace: 0pt; width: 100%;\" border=\"0\" cellspacing=\"0\" cellpadding=\"0\">\r\n<tbody>\r\n<tr style=\"font-family: 'Helvetica Neue',Helvetica,Arial,sans-serif; box-sizing: border-box; font-size: 14px; margin: 0;\">\r\n<td class=\"alert\" style=\"font-family: 'Helvetica Neue',Helvetica,Arial,sans-serif; box-sizing: border-box; font-size: 16px; vertical-align: top; color: #000; font-weight: 500; text-align: center; border-radius: 3px 3px 0 0; background-color: #fff; margin: 0; padding: 20px;\" align=\"center\" valign=\"top\" bgcolor=\"#fff\"><img class=\"alignnone size-full wp-image-1437\" src=\"http:\/\/nokri.scriptsbundle.com\/wp-content\/uploads\/2017\/03\/sb.png\" alt=\"image\" width=\"80\" height=\"80\" \/> A Designing and development company<\/td>\r\n<\/tr>\r\n<tr>\r\n<td style=\"font-family: sans-serif; font-size: 14px; vertical-align: top;\">\r\n<p style=\"font-family: sans-serif; font-size: 14px; font-weight: normal; margin: 0; margin-bottom: 15px;\"><span style=\"font-family: sans-serif; font-weight: normal;\">Hello Admin<\/span><span style=\"font-family: 'Helvetica Neue', Helvetica, Arial, sans-serif;\"><b>,<\/b><\/span><\/p>\r\nNew contact message on your site %site_name%; Name: %display_name% Email: %email% \u00a0\r\n<p style=\"font-family: sans-serif; font-size: 14px; font-weight: normal; margin: 0; margin-bottom: 15px;\"><strong>Thanks!<\/strong><\/p>\r\n<p style=\"font-family: sans-serif; font-size: 14px; font-weight: normal; margin: 0; margin-bottom: 15px;\">ScriptsBundle<\/p>\r\n<\/td>\r\n<\/tr>\r\n<\/tbody>\r\n<\/table>\r\n<\/td>\r\n<\/tr>\r\n<\/tbody>\r\n<\/table>\r\n<div class=\"footer\" style=\"clear: both; padding-top: 10px; text-align: center; width: 100%;\">\r\n<table style=\"border-collapse: separate; mso-table-lspace: 0pt; mso-table-rspace: 0pt; width: 100%;\" border=\"0\" cellspacing=\"0\" cellpadding=\"0\">\r\n<tbody>\r\n<tr>\r\n<td class=\"content-block powered-by\" style=\"font-family: sans-serif; font-size: 12px; vertical-align: top; color: #999999; text-align: center;\"><a style=\"color: #999999; text-decoration: underline; font-size: 12px; text-align: center;\" href=\"https:\/\/themeforest.net\/user\/scriptsbundle\">Scripts Bundle<\/a>.<\/td>\r\n<\/tr>\r\n<\/tbody>\r\n<\/table>\r\n<\/div>\r\n\u00a0<\/div>\r\n<\/td>\r\n<td style=\"font-family: sans-serif; font-size: 14px; vertical-align: top;\">\u00a0<\/td>\r\n<\/tr>\r\n<\/tbody>\r\n<\/table>\r\n<p>&nbsp;<\/p>","sb_without_login_email_message":"New applier message","sb_without_login_from":"Nokri <scriptsbundle@hotmail.com>","sb_without_login_body":"<table class=\"body\" style=\"border-collapse: separate; mso-table-lspace: 0pt; mso-table-rspace: 0pt; background-color: #f6f6f6; width: 100%;\" border=\"0\" cellspacing=\"0\" cellpadding=\"0\">\r\n<tbody>\r\n<tr>\r\n<td style=\"font-family: sans-serif; font-size: 14px; vertical-align: top;\">\u00a0<\/td>\r\n<td class=\"container\" style=\"font-family: sans-serif; font-size: 14px; vertical-align: top; display: block; max-width: 580px; padding: 10px; width: 580px; margin: 0 auto !important;\">\r\n<div class=\"content\" style=\"box-sizing: border-box; display: block; margin: 0 auto; max-width: 580px; padding: 10px;\">\r\n<table class=\"main\" style=\"border-collapse: separate; mso-table-lspace: 0pt; mso-table-rspace: 0pt; background: #fff; border-radius: 3px; width: 100%;\">\r\n<tbody>\r\n<tr>\r\n<td class=\"wrapper\" style=\"font-family: sans-serif; font-size: 14px; vertical-align: top; box-sizing: border-box; padding: 20px;\">\r\n<table style=\"border-collapse: separate; mso-table-lspace: 0pt; mso-table-rspace: 0pt; width: 100%;\" border=\"0\" cellspacing=\"0\" cellpadding=\"0\">\r\n<tbody>\r\n<tr style=\"font-family: 'Helvetica Neue',Helvetica,Arial,sans-serif; box-sizing: border-box; font-size: 14px; margin: 0;\">\r\n<td class=\"alert\" style=\"font-family: 'Helvetica Neue',Helvetica,Arial,sans-serif; box-sizing: border-box; font-size: 16px; vertical-align: top; color: #000; font-weight: 500; text-align: center; border-radius: 3px 3px 0 0; background-color: #fff; margin: 0; padding: 20px;\" align=\"center\" valign=\"top\" bgcolor=\"#fff\">A Designing and development company<\/td>\r\n<\/tr>\r\n<tr>\r\n<td style=\"font-family: sans-serif; font-size: 14px; vertical-align: top;\">\r\n<p style=\"font-family: sans-serif; font-size: 14px; font-weight: normal; margin: 0; margin-bottom: 15px;\"><span style=\"font-family: sans-serif; font-weight: normal;\">Hello Admin<\/span><span style=\"font-family: 'Helvetica Neue', Helvetica, Arial, sans-serif;\"><b>,<\/b><\/span><\/p>\r\nNew apply %site_name%;\r\n<p>Name: %display_name%<\/p>\r\n<p>Subject: %subject%<\/p>\r\n<p>Password: %password%<\/p>\r\n<p>Job title: %job_title%<\/p>\r\n<p>Message: %message%<\/p>\r\n\u00a0\r\n<p style=\"font-family: sans-serif; font-size: 14px; font-weight: normal; margin: 0; margin-bottom: 15px;\"><strong>Thanks!<\/strong><\/p>\r\n<p style=\"font-family: sans-serif; font-size: 14px; font-weight: normal; margin: 0; margin-bottom: 15px;\">ScriptsBundle<\/p>\r\n<\/td>\r\n<\/tr>\r\n<\/tbody>\r\n<\/table>\r\n<\/td>\r\n<\/tr>\r\n<\/tbody>\r\n<\/table>\r\n<div class=\"footer\" style=\"clear: both; padding-top: 10px; text-align: center; width: 100%;\">\r\n<table style=\"border-collapse: separate; mso-table-lspace: 0pt; mso-table-rspace: 0pt; width: 100%;\" border=\"0\" cellspacing=\"0\" cellpadding=\"0\">\r\n<tbody>\r\n<tr>\r\n<td class=\"content-block powered-by\" style=\"font-family: sans-serif; font-size: 12px; vertical-align: top; color: #999999; text-align: center;\"><a style=\"color: #999999; text-decoration: underline; font-size: 12px; text-align: center;\" href=\"https:\/\/themeforest.net\/user\/scriptsbundle\">Scripts Bundle<\/a>.<\/td>\r\n<\/tr>\r\n<\/tbody>\r\n<\/table>\r\n<\/div>\r\n\u00a0<\/div>\r\n<\/td>\r\n<td style=\"font-family: sans-serif; font-size: 14px; vertical-align: top;\">\u00a0<\/td>\r\n<\/tr>\r\n<\/tbody>\r\n<\/table>\r\n<p>&nbsp;<\/p>","sb_email_job_to_anyone_subj":"Job For You","sb_email_job_to_anyone_from":"Nokri <scriptsbundle@hotmail.com>","sb_email_job_to_anyone_body":"<table class=\"body\" style=\"border-collapse: separate; mso-table-lspace: 0pt; mso-table-rspace: 0pt; background-color: #f6f6f6; width: 100%;\" border=\"0\" cellspacing=\"0\" cellpadding=\"0\">\r\n<tbody>\r\n<tr>\r\n<td style=\"font-family: sans-serif; font-size: 14px; vertical-align: top;\">\u00a0<\/td>\r\n<td class=\"container\" style=\"font-family: sans-serif; font-size: 14px; vertical-align: top; display: block; max-width: 580px; padding: 10px; width: 580px; margin: 0 auto !important;\">\r\n<div class=\"content\" style=\"box-sizing: border-box; display: block; margin: 0 auto; max-width: 580px; padding: 10px;\">\r\n<table class=\"main\" style=\"border-collapse: separate; mso-table-lspace: 0pt; mso-table-rspace: 0pt; background: #fff; border-radius: 3px; width: 100%;\">\r\n<tbody>\r\n<tr>\r\n<td class=\"wrapper\" style=\"font-family: sans-serif; font-size: 14px; vertical-align: top; box-sizing: border-box; padding: 20px;\">\r\n<table style=\"border-collapse: separate; mso-table-lspace: 0pt; mso-table-rspace: 0pt; width: 100%;\" border=\"0\" cellspacing=\"0\" cellpadding=\"0\">\r\n<tbody>\r\n<tr style=\"font-family: 'Helvetica Neue',Helvetica,Arial,sans-serif; box-sizing: border-box; font-size: 14px; margin: 0;\">\r\n<td class=\"alert\" style=\"font-family: 'Helvetica Neue',Helvetica,Arial,sans-serif; box-sizing: border-box; font-size: 16px; vertical-align: top; color: #000; font-weight: 500; text-align: center; border-radius: 3px 3px 0 0; background-color: #fff; margin: 0; padding: 20px;\" align=\"center\" valign=\"top\" bgcolor=\"#fff\">A Designing and development company<\/td>\r\n<\/tr>\r\n<tr>\r\n<td style=\"font-family: sans-serif; font-size: 14px; vertical-align: top;\">\r\n<p style=\"font-family: sans-serif; font-size: 14px; font-weight: normal; margin: 0; margin-bottom: 15px;\"><span style=\"font-family: sans-serif; font-weight: normal;\">Hello<\/span><span style=\"font-family: 'Helvetica Neue', Helvetica, Arial, sans-serif;\"><b>,<\/b><\/span><\/p>\r\n<p>Job Title: %job_title%<\/p>\r\n<p>Job Link: %job_link%<\/p>\r\n\u00a0\r\n<p style=\"font-family: sans-serif; font-size: 14px; font-weight: normal; margin: 0; margin-bottom: 15px;\"><strong>Thanks!<\/strong><\/p>\r\n<p style=\"font-family: sans-serif; font-size: 14px; font-weight: normal; margin: 0; margin-bottom: 15px;\">ScriptsBundle<\/p>\r\n<\/td>\r\n<\/tr>\r\n<\/tbody>\r\n<\/table>\r\n<\/td>\r\n<\/tr>\r\n<\/tbody>\r\n<\/table>\r\n<div class=\"footer\" style=\"clear: both; padding-top: 10px; text-align: center; width: 100%;\">\r\n<table style=\"border-collapse: separate; mso-table-lspace: 0pt; mso-table-rspace: 0pt; width: 100%;\" border=\"0\" cellspacing=\"0\" cellpadding=\"0\">\r\n<tbody>\r\n<tr>\r\n<td class=\"content-block powered-by\" style=\"font-family: sans-serif; font-size: 12px; vertical-align: top; color: #999999; text-align: center;\"><a style=\"color: #999999; text-decoration: underline; font-size: 12px; text-align: center;\" href=\"https:\/\/themeforest.net\/user\/scriptsbundle\">Scripts Bundle<\/a>.<\/td>\r\n<\/tr>\r\n<\/tbody>\r\n<\/table>\r\n<\/div>\r\n\u00a0<\/div>\r\n<\/td>\r\n<td style=\"font-family: sans-serif; font-size: 14px; vertical-align: top;\">\u00a0<\/td>\r\n<\/tr>\r\n<\/tbody>\r\n<\/table>\r\n<p>&nbsp;<\/p>","sb_email_job_alerts_subj":"Job For You","sb_email_job_alerts_from":"Nokri <scriptsbundle@hotmail.com>","sb_email_job_alerts_body":"<table class=\"body\" style=\"border-collapse: separate; mso-table-lspace: 0pt; mso-table-rspace: 0pt; background-color: #f6f6f6; width: 100%;\" border=\"0\" cellspacing=\"0\" cellpadding=\"0\">\r\n<tbody>\r\n<tr>\r\n<td style=\"font-family: sans-serif; font-size: 14px; vertical-align: top;\">\u00a0<\/td>\r\n<td class=\"container\" style=\"font-family: sans-serif; font-size: 14px; vertical-align: top; display: block; max-width: 580px; padding: 10px; width: 580px; margin: 0 auto !important;\">\r\n<div class=\"content\" style=\"box-sizing: border-box; display: block; margin: 0 auto; max-width: 580px; padding: 10px;\">\r\n<table class=\"main\" style=\"border-collapse: separate; mso-table-lspace: 0pt; mso-table-rspace: 0pt; background: #fff; border-radius: 3px; width: 100%;\">\r\n<tbody>\r\n<tr>\r\n<td class=\"wrapper\" style=\"font-family: sans-serif; font-size: 14px; vertical-align: top; box-sizing: border-box; padding: 20px;\">\r\n<table style=\"border-collapse: separate; mso-table-lspace: 0pt; mso-table-rspace: 0pt; width: 100%;\" border=\"0\" cellspacing=\"0\" cellpadding=\"0\">\r\n<tbody>\r\n<tr style=\"font-family: 'Helvetica Neue',Helvetica,Arial,sans-serif; box-sizing: border-box; font-size: 14px; margin: 0;\">\r\n<td class=\"alert\" style=\"font-family: 'Helvetica Neue',Helvetica,Arial,sans-serif; box-sizing: border-box; font-size: 16px; vertical-align: top; color: #000; font-weight: 500; text-align: center; border-radius: 3px 3px 0 0; background-color: #fff; margin: 0; padding: 20px;\" align=\"center\" valign=\"top\" bgcolor=\"#fff\">A Designing and development company<\/td>\r\n<\/tr>\r\n<tr>\r\n<td style=\"font-family: sans-serif; font-size: 14px; vertical-align: top;\">\r\n<p style=\"font-family: sans-serif; font-size: 14px; font-weight: normal; margin: 0; margin-bottom: 15px;\"><span style=\"font-family: sans-serif; font-weight: normal;\">Hello<\/span><span style=\"font-family: 'Helvetica Neue', Helvetica, Arial, sans-serif;\"><b>,<\/b><\/span><\/p>\r\n<p>Job Title: %job_title%<\/p>\r\n<p>Job Link: %job_link%<\/p>\r\n\u00a0\r\n<p style=\"font-family: sans-serif; font-size: 14px; font-weight: normal; margin: 0; margin-bottom: 15px;\"><strong>Thanks!<\/strong><\/p>\r\n<p style=\"font-family: sans-serif; font-size: 14px; font-weight: normal; margin: 0; margin-bottom: 15px;\">ScriptsBundle<\/p>\r\n<\/td>\r\n<\/tr>\r\n<\/tbody>\r\n<\/table>\r\n<\/td>\r\n<\/tr>\r\n<\/tbody>\r\n<\/table>\r\n<div class=\"footer\" style=\"clear: both; padding-top: 10px; text-align: center; width: 100%;\">\r\n<table style=\"border-collapse: separate; mso-table-lspace: 0pt; mso-table-rspace: 0pt; width: 100%;\" border=\"0\" cellspacing=\"0\" cellpadding=\"0\">\r\n<tbody>\r\n<tr>\r\n<td class=\"content-block powered-by\" style=\"font-family: sans-serif; font-size: 12px; vertical-align: top; color: #999999; text-align: center;\"><a style=\"color: #999999; text-decoration: underline; font-size: 12px; text-align: center;\" href=\"https:\/\/themeforest.net\/user\/scriptsbundle\">Scripts Bundle<\/a>.<\/td>\r\n<\/tr>\r\n<\/tbody>\r\n<\/table>\r\n<\/div>\r\n\u00a0<\/div>\r\n<\/td>\r\n<td style=\"font-family: sans-serif; font-size: 14px; vertical-align: top;\">\u00a0<\/td>\r\n<\/tr>\r\n<\/tbody>\r\n<\/table>\r\n<p>&nbsp;<\/p>","sb_job_status_subject":"Apllication status","sb_job_status_message_from":"Nokri <scriptsbundle@hotmail.com>","sb_new_user_email_to_admin":"1","sb_new_user_admin_message_subject_admin":"New User Registration","sb_new_user_admin_message_from_admin":"Nokri <scriptsbundle@hotmail.com>","sb_new_user_admin_message_admin":"<table class=\"body\" style=\"border-collapse: separate; mso-table-lspace: 0pt; mso-table-rspace: 0pt; background-color: #f6f6f6; width: 100%;\" border=\"0\" cellspacing=\"0\" cellpadding=\"0\">\r\n<tbody>\r\n<tr>\r\n<td style=\"font-family: sans-serif; font-size: 14px; vertical-align: top;\">\u00a0<\/td>\r\n<td class=\"container\" style=\"font-family: sans-serif; font-size: 14px; vertical-align: top; display: block; max-width: 580px; padding: 10px; width: 580px; margin: 0 auto !important;\">\r\n<div class=\"content\" style=\"box-sizing: border-box; display: block; margin: 0 auto; max-width: 580px; padding: 10px;\">\r\n<table class=\"main\" style=\"border-collapse: separate; mso-table-lspace: 0pt; mso-table-rspace: 0pt; background: #fff; border-radius: 3px; width: 100%;\">\r\n<tbody>\r\n<tr>\r\n<td class=\"wrapper\" style=\"font-family: sans-serif; font-size: 14px; vertical-align: top; box-sizing: border-box; padding: 20px;\">\r\n<table style=\"border-collapse: separate; mso-table-lspace: 0pt; mso-table-rspace: 0pt; width: 100%;\" border=\"0\" cellspacing=\"0\" cellpadding=\"0\">\r\n<tbody>\r\n<tr style=\"font-family: 'Helvetica Neue',Helvetica,Arial,sans-serif; box-sizing: border-box; font-size: 14px; margin: 0;\">\r\n<td class=\"alert\" style=\"font-family: 'Helvetica Neue',Helvetica,Arial,sans-serif; box-sizing: border-box; font-size: 16px; vertical-align: top; color: #000; font-weight: 500; text-align: center; border-radius: 3px 3px 0 0; background-color: #fff; margin: 0; padding: 20px;\" align=\"center\" valign=\"top\" bgcolor=\"#fff\">A Designing and development company<\/td>\r\n<\/tr>\r\n<tr>\r\n<td style=\"font-family: sans-serif; font-size: 14px; vertical-align: top;\">\r\n<p style=\"font-family: sans-serif; font-size: 14px; font-weight: normal; margin: 0; margin-bottom: 15px;\"><span style=\"font-family: sans-serif; font-weight: normal;\">Hello Admin<\/span><span style=\"font-family: 'Helvetica Neue', Helvetica, Arial, sans-serif;\"><b>,<\/b><\/span><\/p>\r\nNew user has registered on your site %site_name%; Name: %display_name% Email: %email% \u00a0\r\n<p style=\"font-family: sans-serif; font-size: 14px; font-weight: normal; margin: 0; margin-bottom: 15px;\"><strong>Thanks!<\/strong><\/p>\r\n<p style=\"font-family: sans-serif; font-size: 14px; font-weight: normal; margin: 0; margin-bottom: 15px;\">ScriptsBundle<\/p>\r\n<\/td>\r\n<\/tr>\r\n<\/tbody>\r\n<\/table>\r\n<\/td>\r\n<\/tr>\r\n<\/tbody>\r\n<\/table>\r\n<div class=\"footer\" style=\"clear: both; padding-top: 10px; text-align: center; width: 100%;\">\r\n<table style=\"border-collapse: separate; mso-table-lspace: 0pt; mso-table-rspace: 0pt; width: 100%;\" border=\"0\" cellspacing=\"0\" cellpadding=\"0\">\r\n<tbody>\r\n<tr>\r\n<td class=\"content-block powered-by\" style=\"font-family: sans-serif; font-size: 12px; vertical-align: top; color: #999999; text-align: center;\"><a style=\"color: #999999; text-decoration: underline; font-size: 12px; text-align: center;\" href=\"https:\/\/themeforest.net\/user\/scriptsbundle\">Scripts Bundle<\/a>.<\/td>\r\n<\/tr>\r\n<\/tbody>\r\n<\/table>\r\n<\/div>\r\n\u00a0<\/div>\r\n<\/td>\r\n<td style=\"font-family: sans-serif; font-size: 14px; vertical-align: top;\">\u00a0<\/td>\r\n<\/tr>\r\n<\/tbody>\r\n<\/table>\r\n<p>&nbsp;<\/p>","sb_new_user_email_to_user":"1","sb_new_user_email_verification":"1","admin_contact_page":"291","sb_new_user_message_subject":"New User Registration","sb_new_user_message_from":"nokri-wp <scriptsbundle@hotmail.com>","sb_new_user_message":"<table class=\"body\" style=\"border-collapse: separate; mso-table-lspace: 0pt; mso-table-rspace: 0pt; background-color: #f6f6f6; width: 100%;\" border=\"0\" cellspacing=\"0\" cellpadding=\"0\">\r\n<tbody>\r\n<tr>\r\n<td style=\"font-family: sans-serif; font-size: 14px; vertical-align: top;\">\u00a0<\/td>\r\n<td class=\"container\" style=\"font-family: sans-serif; font-size: 14px; vertical-align: top; display: block; max-width: 580px; padding: 10px; width: 580px; margin: 0 auto !important;\">\r\n<div class=\"content\" style=\"box-sizing: border-box; display: block; margin: 0 auto; max-width: 580px; padding: 10px;\">\r\n<table class=\"main\" style=\"border-collapse: separate; mso-table-lspace: 0pt; mso-table-rspace: 0pt; background: #fff; border-radius: 3px; width: 100%;\">\r\n<tbody>\r\n<tr>\r\n<td class=\"wrapper\" style=\"font-family: sans-serif; font-size: 14px; vertical-align: top; box-sizing: border-box; padding: 20px;\">\r\n<table style=\"border-collapse: separate; mso-table-lspace: 0pt; mso-table-rspace: 0pt; width: 100%;\" border=\"0\" cellspacing=\"0\" cellpadding=\"0\">\r\n<tbody>\r\n<tr style=\"font-family: 'Helvetica Neue',Helvetica,Arial,sans-serif; box-sizing: border-box; font-size: 14px; margin: 0;\">\r\n<td class=\"alert\" style=\"font-family: 'Helvetica Neue',Helvetica,Arial,sans-serif; box-sizing: border-box; font-size: 16px; vertical-align: top; color: #000; font-weight: 500; text-align: center; border-radius: 3px 3px 0 0; background-color: #fff; margin: 0; padding: 20px;\" align=\"center\" valign=\"top\" bgcolor=\"#fff\">\u00a0 A Designing and development company<\/td>\r\n<\/tr>\r\n<tr>\r\n<td style=\"font-family: sans-serif; font-size: 14px; vertical-align: top;\">\r\n<p style=\"margin: 0px 0px 15px;\">Hello %display_name%<span style=\"font-family: 'Helvetica Neue', Helvetica, Arial, sans-serif;\"><b>,<\/b><\/span><\/p>\r\n<p style=\"font-family: sans-serif; font-size: 14px; font-weight: normal; margin: 0; margin-bottom: 15px;\">Welcome to %site_name%. Your details are below; Username: %user_name% please verify your account: <a href=\"%verification_link%\">%verification_link%<\/a><\/p>\r\n<p style=\"margin: 0px 0px 15px;\"><strong>Thanks!<\/strong><\/p>\r\n<p style=\"margin: 0px 0px 15px;\">ScriptsBundle<\/p>\r\n<\/td>\r\n<\/tr>\r\n<\/tbody>\r\n<\/table>\r\n<\/td>\r\n<\/tr>\r\n<\/tbody>\r\n<\/table>\r\n<div class=\"footer\" style=\"clear: both; padding-top: 10px; text-align: center; width: 100%;\">\r\n<table style=\"border-collapse: separate; mso-table-lspace: 0pt; mso-table-rspace: 0pt; width: 100%;\" border=\"0\" cellspacing=\"0\" cellpadding=\"0\">\r\n<tbody>\r\n<tr>\r\n<td class=\"content-block powered-by\" style=\"font-family: sans-serif; font-size: 12px; vertical-align: top; color: #999999; text-align: center;\"><a style=\"color: #999999; text-decoration: underline; font-size: 12px; text-align: center;\" href=\"https:\/\/themeforest.net\/user\/scriptsbundle\">Scripts Bundle<\/a>.<\/td>\r\n<\/tr>\r\n<\/tbody>\r\n<\/table>\r\n<\/div>\r\n\u00a0<\/div>\r\n<\/td>\r\n<td style=\"font-family: sans-serif; font-size: 14px; vertical-align: top;\">\u00a0<\/td>\r\n<\/tr>\r\n<\/tbody>\r\n<\/table>\r\n<p>&nbsp;<\/p>","sb_forgot_password_subject":"New Password - nokri","sb_forgot_password_from":"From: nokri-wp <scriptsbundle@hotmail.com>","sb_forgot_password_message":"<table class=\"body\" style=\"border-collapse: separate; mso-table-lspace: 0pt; mso-table-rspace: 0pt; background-color: #f6f6f6; width: 100%;\" border=\"0\" cellspacing=\"0\" cellpadding=\"0\">\r\n<tbody>\r\n<tr>\r\n<td style=\"font-family: sans-serif; font-size: 14px; vertical-align: top;\">\u00a0<\/td>\r\n<td class=\"container\" style=\"font-family: sans-serif; font-size: 14px; vertical-align: top; display: block; max-width: 580px; padding: 10px; width: 580px; margin: 0 auto !important;\">\r\n<div class=\"content\" style=\"box-sizing: border-box; display: block; margin: 0 auto; max-width: 580px; padding: 10px;\">\r\n<table class=\"main\" style=\"border-collapse: separate; mso-table-lspace: 0pt; mso-table-rspace: 0pt; background: #fff; border-radius: 3px; width: 100%;\">\r\n<tbody>\r\n<tr>\r\n<td class=\"wrapper\" style=\"font-family: sans-serif; font-size: 14px; vertical-align: top; box-sizing: border-box; padding: 20px;\">\r\n<table style=\"border-collapse: separate; mso-table-lspace: 0pt; mso-table-rspace: 0pt; width: 100%;\" border=\"0\" cellspacing=\"0\" cellpadding=\"0\">\r\n<tbody>\r\n<tr style=\"font-family: 'Helvetica Neue',Helvetica,Arial,sans-serif; box-sizing: border-box; font-size: 14px; margin: 0;\">\r\n<td class=\"alert\" style=\"font-family: 'Helvetica Neue',Helvetica,Arial,sans-serif; box-sizing: border-box; font-size: 16px; vertical-align: top; color: #000; font-weight: 500; text-align: center; border-radius: 3px 3px 0 0; background-color: #fff; margin: 0; padding: 20px;\" align=\"center\" valign=\"top\" bgcolor=\"#fff\"><img class=\"alignnone size-full wp-image-1437\" src=\"http:\/\/nokri.scriptsbundle.com\/wp-content\/uploads\/2017\/03\/sb.png\" alt=\"image\" width=\"80\" height=\"80\" \/> A Designing and development company<\/td>\r\n<\/tr>\r\n<tr>\r\n<td style=\"font-family: sans-serif; font-size: 14px; vertical-align: top;\">\r\n<p style=\"font-family: sans-serif; font-size: 14px; font-weight: normal; margin: 0; margin-bottom: 15px;\"><span style=\"font-family: sans-serif; font-weight: normal;\">Hello %user%<\/span><span style=\"font-family: 'Helvetica Neue', Helvetica, Arial, sans-serif;\"><b>,<\/b><\/span><\/p>\r\nYour new password is %password%\r\n<p style=\"font-family: sans-serif; font-size: 14px; font-weight: normal; margin: 0; margin-bottom: 15px;\"><strong>Thanks!<\/strong><\/p>\r\n<p style=\"font-family: sans-serif; font-size: 14px; font-weight: normal; margin: 0; margin-bottom: 15px;\">ScriptsBundle<\/p>\r\n<\/td>\r\n<\/tr>\r\n<\/tbody>\r\n<\/table>\r\n<\/td>\r\n<\/tr>\r\n<\/tbody>\r\n<\/table>\r\n<div class=\"footer\" style=\"clear: both; padding-top: 10px; text-align: center; width: 100%;\">\r\n<table style=\"border-collapse: separate; mso-table-lspace: 0pt; mso-table-rspace: 0pt; width: 100%;\" border=\"0\" cellspacing=\"0\" cellpadding=\"0\">\r\n<tbody>\r\n<tr>\r\n<td class=\"content-block powered-by\" style=\"font-family: sans-serif; font-size: 12px; vertical-align: top; color: #999999; text-align: center;\"><a style=\"color: #999999; text-decoration: underline; font-size: 12px; text-align: center;\" href=\"https:\/\/themeforest.net\/user\/scriptsbundle\">Scripts Bundle<\/a>.<\/td>\r\n<\/tr>\r\n<\/tbody>\r\n<\/table>\r\n<\/div>\r\n\u00a0<\/div>\r\n<\/td>\r\n<td style=\"font-family: sans-serif; font-size: 14px; vertical-align: top;\">\u00a0<\/td>\r\n<\/tr>\r\n<\/tbody>\r\n<\/table>\r\n<p>&nbsp;<\/p>","sb_send_email_on_ad_post":"1","ad_post_email_value":"scriptsbundle@hotmail.com","sb_msg_subject_on_new_ad":"You have new job - nokri","sb_msg_from_on_new_ad":"From: nokri-wp <scriptsbundle@hotmail.com>","sb_msg_on_new_ad":"<table class=\"body\" style=\"border-collapse: separate; mso-table-lspace: 0pt; mso-table-rspace: 0pt; background-color: #f6f6f6; width: 100%;\" border=\"0\" cellspacing=\"0\" cellpadding=\"0\">\r\n<tbody>\r\n<tr>\r\n<td style=\"font-family: sans-serif; font-size: 14px; vertical-align: top;\">\u00a0<\/td>\r\n<td class=\"container\" style=\"font-family: sans-serif; font-size: 14px; vertical-align: top; display: block; max-width: 580px; padding: 10px; width: 580px; margin: 0 auto !important;\">\r\n<div class=\"content\" style=\"box-sizing: border-box; display: block; margin: 0 auto; max-width: 580px; padding: 10px;\">\r\n<table class=\"main\" style=\"border-collapse: separate; mso-table-lspace: 0pt; mso-table-rspace: 0pt; background: #fff; border-radius: 3px; width: 100%;\">\r\n<tbody>\r\n<tr>\r\n<td class=\"wrapper\" style=\"font-family: sans-serif; font-size: 14px; vertical-align: top; box-sizing: border-box; padding: 20px;\">\r\n<table style=\"border-collapse: separate; mso-table-lspace: 0pt; mso-table-rspace: 0pt; width: 100%;\" border=\"0\" cellspacing=\"0\" cellpadding=\"0\">\r\n<tbody>\r\n<tr style=\"font-family: 'Helvetica Neue',Helvetica,Arial,sans-serif; box-sizing: border-box; font-size: 14px; margin: 0;\">\r\n<td class=\"alert\" style=\"font-family: 'Helvetica Neue',Helvetica,Arial,sans-serif; box-sizing: border-box; font-size: 16px; vertical-align: top; color: #000; font-weight: 500; text-align: center; border-radius: 3px 3px 0 0; background-color: #fff; margin: 0; padding: 20px;\" align=\"center\" valign=\"top\" bgcolor=\"#fff\"><img class=\"alignnone size-full wp-image-1437\" src=\"http:\/\/nokri.scriptsbundle.com\/wp-content\/uploads\/2017\/03\/sb.png\" alt=\"image\" width=\"80\" height=\"80\" \/> A Designing and development company<\/td>\r\n<\/tr>\r\n<tr>\r\n<td style=\"font-family: sans-serif; font-size: 14px; vertical-align: top;\">\r\n<p style=\"font-family: sans-serif; font-size: 14px; font-weight: normal; margin: 0; margin-bottom: 15px;\"><span style=\"font-family: sans-serif; font-weight: normal;\">Hello<\/span><span style=\"font-family: 'Helvetica Neue', Helvetica, Arial, sans-serif;\"><b>Admin,<\/b><\/span><\/p>\r\n<p style=\"font-family: sans-serif; font-size: 14px; font-weight: normal; margin: 0; margin-bottom: 15px;\">You've new AD;<\/p>\r\n<p style=\"font-family: sans-serif; font-size: 14px; font-weight: normal; margin: 0; margin-bottom: 15px;\">Title: %ad_title%<\/p>\r\n<p style=\"font-family: sans-serif; font-size: 14px; font-weight: normal; margin: 0; margin-bottom: 15px;\">Link: <a href=\"https:\/\/%ad_link%\">%ad_title%<\/a><\/p>\r\n<p style=\"font-family: sans-serif; font-size: 14px; font-weight: normal; margin: 0; margin-bottom: 15px;\">Poster: %ad_owner%<\/p>\r\n<p style=\"font-family: sans-serif; font-size: 14px; font-weight: normal; margin: 0; margin-bottom: 15px;\"><strong>Thanks!<\/strong><\/p>\r\n<p style=\"font-family: sans-serif; font-size: 14px; font-weight: normal; margin: 0; margin-bottom: 15px;\">ScriptsBundle<\/p>\r\n<\/td>\r\n<\/tr>\r\n<\/tbody>\r\n<\/table>\r\n<\/td>\r\n<\/tr>\r\n<\/tbody>\r\n<\/table>\r\n<div class=\"footer\" style=\"clear: both; padding-top: 10px; text-align: center; width: 100%;\">\r\n<table style=\"border-collapse: separate; mso-table-lspace: 0pt; mso-table-rspace: 0pt; width: 100%;\" border=\"0\" cellspacing=\"0\" cellpadding=\"0\">\r\n<tbody>\r\n<tr>\r\n<td class=\"content-block powered-by\" style=\"font-family: sans-serif; font-size: 12px; vertical-align: top; color: #999999; text-align: center;\"><a style=\"color: #999999; text-decoration: underline; font-size: 12px; text-align: center;\" href=\"https:\/\/themeforest.net\/user\/scriptsbundle\">Scripts Bundle<\/a>.<\/td>\r\n<\/tr>\r\n<\/tbody>\r\n<\/table>\r\n<\/div>\r\n\u00a0<\/div>\r\n<\/td>\r\n<td style=\"font-family: sans-serif; font-size: 14px; vertical-align: top;\">\u00a0<\/td>\r\n<\/tr>\r\n<\/tbody>\r\n<\/table>\r\n<p>&nbsp;<\/p>","sb_send_email_on_apply":"1","sb_send_email_from":"scriptsbundle@hotmail.com","sb_msg_subject_on_new_apply":"You have new applier","sb_msg_from_on_new_apply":"From: Nokri <scriptsbundle@hotmail.com>","sb_msg_on_new_apply":"<table class=\"body\" style=\"border-collapse: separate; mso-table-lspace: 0pt; mso-table-rspace: 0pt; background-color: #f6f6f6; width: 100%;\" border=\"0\" cellspacing=\"0\" cellpadding=\"0\">\r\n<tbody>\r\n<tr>\r\n<td style=\"font-family: sans-serif; font-size: 14px; vertical-align: top;\">\u00a0<\/td>\r\n<td class=\"container\" style=\"font-family: sans-serif; font-size: 14px; vertical-align: top; display: block; max-width: 580px; padding: 10px; width: 580px; margin: 0 auto !important;\">\r\n<div class=\"content\" style=\"box-sizing: border-box; display: block; margin: 0 auto; max-width: 580px; padding: 10px;\">\r\n<table class=\"main\" style=\"border-collapse: separate; mso-table-lspace: 0pt; mso-table-rspace: 0pt; background: #fff; border-radius: 3px; width: 100%;\">\r\n<tbody>\r\n<tr>\r\n<td class=\"wrapper\" style=\"font-family: sans-serif; font-size: 14px; vertical-align: top; box-sizing: border-box; padding: 20px;\">\r\n<table style=\"border-collapse: separate; mso-table-lspace: 0pt; mso-table-rspace: 0pt; width: 100%;\" border=\"0\" cellspacing=\"0\" cellpadding=\"0\">\r\n<tbody>\r\n<tr style=\"font-family: 'Helvetica Neue',Helvetica,Arial,sans-serif; box-sizing: border-box; font-size: 14px; margin: 0;\">\r\n<td class=\"alert\" style=\"font-family: 'Helvetica Neue',Helvetica,Arial,sans-serif; box-sizing: border-box; font-size: 16px; vertical-align: top; color: #000; font-weight: 500; text-align: center; border-radius: 3px 3px 0 0; background-color: #fff; margin: 0; padding: 20px;\" align=\"center\" valign=\"top\" bgcolor=\"#fff\">A Designing and development company<\/td>\r\n<\/tr>\r\n<tr>\r\n<td style=\"font-family: sans-serif; font-size: 14px; vertical-align: top;\">\r\n<p style=\"font-family: sans-serif; font-size: 14px; font-weight: normal; margin: 0; margin-bottom: 15px;\"><span style=\"font-family: sans-serif; font-weight: normal;\">Hello<\/span><\/p>\r\n<p style=\"font-family: sans-serif; font-size: 14px; font-weight: normal; margin: 0; margin-bottom: 15px;\">You've new job apply;<\/p>\r\n<p style=\"font-family: sans-serif; font-size: 14px; font-weight: normal; margin: 0; margin-bottom: 15px;\">Title: %job_title%<\/p>\r\n<p style=\"font-family: sans-serif; font-size: 14px; font-weight: normal; margin: 0; margin-bottom: 15px;\">Candidate name: %candidate_name%<\/p>\r\n<p style=\"font-family: sans-serif; font-size: 14px; font-weight: normal; margin: 0; margin-bottom: 15px;\"><strong>Thanks!<\/strong><\/p>\r\n<p style=\"font-family: sans-serif; font-size: 14px; font-weight: normal; margin: 0; margin-bottom: 15px;\">ScriptsBundle<\/p>\r\n<\/td>\r\n<\/tr>\r\n<\/tbody>\r\n<\/table>\r\n<\/td>\r\n<\/tr>\r\n<\/tbody>\r\n<\/table>\r\n<div class=\"footer\" style=\"clear: both; padding-top: 10px; text-align: center; width: 100%;\">\r\n<table style=\"border-collapse: separate; mso-table-lspace: 0pt; mso-table-rspace: 0pt; width: 100%;\" border=\"0\" cellspacing=\"0\" cellpadding=\"0\">\r\n<tbody>\r\n<tr>\r\n<td class=\"content-block powered-by\" style=\"font-family: sans-serif; font-size: 12px; vertical-align: top; color: #999999; text-align: center;\"><a style=\"color: #999999; text-decoration: underline; font-size: 12px; text-align: center;\" href=\"https:\/\/themeforest.net\/user\/scriptsbundle\">Scripts Bundle<\/a>.<\/td>\r\n<\/tr>\r\n<\/tbody>\r\n<\/table>\r\n<\/div>\r\n\u00a0<\/div>\r\n<\/td>\r\n<td style=\"font-family: sans-serif; font-size: 14px; vertical-align: top;\">\u00a0<\/td>\r\n<\/tr>\r\n<\/tbody>\r\n<\/table>\r\n<p>&nbsp;<\/p>","bread_blog":"Latest Stories","main_blog_side_bar":"1","theme_date":"1","single_blog_side_bar":"1","404_bg_img":{"background-repeat":"no-repeat","background-size":"cover","background-attachment":"scroll","background-position":"center bottom","background-image":"https:\/\/jobs.nokriwp.com\/wp-content\/uploads\/2018\/09\/4.png","media":{"id":"706","height":"850","width":"1920","thumbnail":"https:\/\/jobs.nokriwp.com\/wp-content\/uploads\/2018\/09\/4-150x150.png"}},"404-heading":"404","404-text":"Whoops! Page Not Found","404-text-area":"Sorry, the page you are looking for is not exist.","404-btn-text":"Take Me Home","footer_full":"1","footer_bg_img":{"background-repeat":"no-repeat","background-size":"cover","background-attachment":"scroll","background-position":"center center","background-image":"https:\/\/jobs.nokriwp.com\/wp-content\/uploads\/2018\/10\/acasc.jpg","media":{"id":"678","height":"850","width":"1920","thumbnail":"https:\/\/jobs.nokriwp.com\/wp-content\/uploads\/2018\/10\/acasc-150x150.jpg"}},"select_footer_layout":"2","select_footer_image":"1","opt_footer3_sorter":{"enabled":{"placebo":"placebo","loc":"Location","skills":"Skills","cat":"Categories","news":"News Letter","hot":"Hot Links","app":"App section"},"disabled":{"placebo":"placebo"}},"footer_bg":{"url":"https:\/\/demo.nokriwp.com\/wp-content\/themes\/nokri\/\/images\/logo.png","id":"","height":"","width":"","thumbnail":""},"logo_below_text":"","subscribe_text":"Get in Touch","subscribe_description":"Are you interested in nokri new features and update?","footer_social_sorter":{"Face Book":"www.facebook.com","Twitter":"www.twitter.com","Instagram":"www.Instagram.com","LinkedIn":"www.LinkedIn.com","Behance":"www.Behance.com","Pintrest":"www.Pintrest.com","Youtube":""},"job_locations_links_text":"Job Locations","job_locations_links":["67","68","69","71","74","76","77","70"],"job_categories_txt":"Job Categories","job_skills_txt":"Job Skills","is_show_app_section":"1","app_section_title":"Get Our Apps","play_store_tagline":"Get it on","play_store_heading":"Play store","play_store_link":"https:\/\/play.google.com\/store\/apps\/details?id=com.scriptsbundle.nokri","apple_store_tagline":"Get it on","apple_store_heading":"Apple store","apple_store_link":"https:\/\/itunes.apple.com\/us\/app\/nokri\/id1430717904?ls=1&mt=8","footer_hot_links":"Hot Links","opt_multi_select_footer_hot_Links":["239","291","2","156","145"],"footer_copy_rights_section":"1","subscribe_text4":"Subscribe our newsletters","footer_last_section":"All rights reserved. nokri","footer_last_name":"ScriptsBundle","footer_last_link":"http:\/\/themeforest.net\/user\/scriptsbundle","banners_code_footer":"","redux-backup":"1"}