{"blog_sidebar":{"search-2":{"title":""},"recent-posts-2":{"title":"","number":5},"recent-comments-2":{"title":"","number":5},"archives-2":{"title":"","count":0,"dropdown":0},"categories-2":{"title":"","count":0,"hierarchical":0,"dropdown":0},"meta-2":{"title":""}},"search_sidebar":{"nokri_search_job-2":{"title":"Search by Keywords","is_open":"open"},"nokri_search_categories-2":{"title":"Search by Category","is_open":"open"},"nokri_search_widget-14":{"title":"Job Type","taxonomy_list":"job_type","no_of_records":"3","is_open":"open"},"nokri_search_widget-17":{"title":"Job Qualification","taxonomy_list":"job_qualifications","no_of_records":"3","is_open":"open"},"nokri_search_widget-15":{"title":"Job Level","taxonomy_list":"job_level","no_of_records":"3","is_open":"open"},"nokri_search_widget-18":{"title":"Salary Type","taxonomy_list":"job_salary_type","no_of_records":"3","is_open":"open"},"nokri_search_widget-19":{"title":"Job Salary","taxonomy_list":"job_salary","no_of_records":"3","is_open":"open"},"nokri_search_widget-20":{"title":"Job Skills","taxonomy_list":"job_skills","no_of_records":"3","is_open":"open"},"nokri_search_widget-21":{"title":"Job Experience","taxonomy_list":"job_experience","no_of_records":"3","is_open":"open"},"nokri_search_widget-22":{"title":"Job Currency","taxonomy_list":"job_currency","no_of_records":"3","is_open":"open"},"nokri_search_widget-23":{"title":"Job Shift","taxonomy_list":"job_shift","no_of_records":"3","is_open":"open"},"nokri_search_widget-16":{"title":"Job Tags","taxonomy_list":"job_tags","no_of_records":"3","is_open":"open"},"nokri_search_widget-24":{"title":"Job Class","taxonomy_list":"job_class","no_of_records":"2","is_open":"open"},"nokri_search_location-2":{"title":"Location","is_open":"open","for":"job"},"nokri_advertisement_widget-2":{"title":"Adevrtisement","source_img":"<img src=\"https:\/\/demo.nokriwp.com\/wp-content\/uploads\/2018\/09\/300x600-yellow.png\" class=\"img-responsive\">","is_open":"open"}},"candidates_sidebar":{"nokri_search_candidate-2":{"title":"Candidate Name","is_open":"open"},"nokri_search_candidate_headline-2":{"title":"Candidate Profession","is_open":"open"},"nokri_search_candidate_level-2":{"title":"Candidate Level","is_open":"open","no_of_records":"5"},"nokri_search_candidate_experience-2":{"title":"Candidate Experience","is_open":"open","no_of_records":"5"},"nokri_search_candidate_type-2":{"title":"Candidate Type","is_open":"open","no_of_records":"5"},"nokri_search_candidate_gender-2":{"title":"Candidate Gender","is_open":"open","no_of_records":"3"},"nokri_search_candidate_salary1-2":{"title":"Salary Range","is_open":"open","no_of_records":"3"},"nokri_search_candidate_salary_type-2":{"title":"Salary Type","is_open":"open","no_of_records":"3"},"nokri_search_candidate_salary_currency-2":{"title":"Salary Currency","is_open":"open","no_of_records":"3"},"nokri_advertisement_widget-3":{"title":"Adevrtisement","source_img":"<img src=\"https:\/\/demo.nokriwp.com\/wp-content\/uploads\/2018\/09\/300x600-yellow.png\" class=\"img-responsive\">","is_open":"open"}},"employers_sidebar":{"nokri_search_employer-2":{"title":"Search by Name","is_open":"open"},"nokri_search_employer_skills-2":{"title":"Specialization","is_open":"open","no_of_records":"3"},"nokri_search_location-3":{"title":"Location","is_open":"open","for":"emp"},"nokri_advertisement_widget-4":{"title":"Adevrtisement","source_img":"<img src=\"https:\/\/demo.nokriwp.com\/wp-content\/uploads\/2018\/09\/300x600-yellow.png\" class=\"img-responsive\">","is_open":"open"}}}